train loss,epoch,step
1.8964765071868896,0,49
0.8165046572685242,1,99
0.8392595648765564,1,149
1.4704313278198242,2,199
0.36967846751213074,3,249
0.30386805534362793,3,299
0.27845579385757446,4,349
0.8240804672241211,5,399
1.0400803089141846,5,449
0.030162740498781204,6,499
