train loss,epoch,step,test loss,accuracy
0.6399314403533936,0,49,,
0.7029640078544617,1,99,,
0.5278567671775818,1,149,,
1.0340653657913208,2,199,,
0.5647141933441162,3,249,,
1.118514895439148,3,299,,
0.6045589447021484,4,349,,
,5,375,1.0829312801361084,0.25333333015441895
