train loss,epoch,step,test loss,accuracy
1.2397515773773193,0,49,,
1.251173496246338,1,99,,
0.9136719703674316,1,149,,
0.8919175267219543,2,199,,
0.8974794149398804,3,249,,
0.8024640083312988,3,299,,
0.7746362090110779,4,349,,
0.2047540247440338,5,399,,
0.9095405340194702,5,449,,
0.11722031235694885,6,499,,
0.7778111100196838,7,549,,
0.5752508640289307,7,599,,
0.5578556656837463,8,649,,
0.4889577031135559,9,699,,
0.6328720450401306,9,749,,
,10,750,0.40209174156188965,0.9599999785423279
